{"activeGroupIndex":0,"iconsetName":"All Maki icons","activeIconNames":[],"iconGroups":[{"properties":{"fill":"#0037ff","bgSize":4,"bgFill":"#000","bgStrokeWidth":0,"strokeWidth":0,"bgCircle":false,"bgRadius":4,"stroke":"#000000","bgShape":false,"bgStroke":"#000"},"name":"All","svgs":{"marker-15.svg":{"height":15,"width":15,"viewBox":["0","0","15","15"],"pathData":[{"d":"M7.5,0C5.0676,0,2.2297,1.4865,2.2297,5.2703\n\tC2.2297,7.8378,6.2838,13.5135,7.5,15c1.0811-1.4865,5.2703-7.027,5.2703-9.7297C12.7703,1.4865,9.9324,0,7.5,0z"}]}}}]}